hsa-mir-15a-5p,m0,0
hsa-mir-16-5p,m1,0
hsa-mir-143-5p,m2,0
hsa-mir-145-5p,m3,0
hsa-mir-223-5p,m4,0
hsa-mir-29a-5p,m5,0
hsa-mir-29c-5p,m6,0
hsa-mir-10b-5p,m7,0
hsa-mir-125b-1-3p,m8,0
hsa-mir-125b-2-3p,m9,0
hsa-mir-10a-5p,m10,0
hsa-mir-126-5p,m11,0
hsa-mir-17-5p,m12,0
hsa-let-7a-2-3p,m13,0
hsa-let-7b-5p,m14,0
hsa-let-7c-5p,m15,0
hsa-let-7d-5p,m16,0
hsa-let-7e-5p,m17,0
hsa-let-7f-1-3p,m18,0
hsa-let-7f-2-3p,m19,0
hsa-let-7g-5p,m20,0
hsa-let-7i-5p,m21,0
hsa-mir-181a-2-3p,m22,0
hsa-mir-181b-2-3p,m23,0
hsa-mir-181d-5p,m24,0
hsa-mir-155-5p,m25,0
hsa-mir-15b-5p,m26,0
hsa-mir-16-1-3p,m27,0
hsa-mir-16-2-3p,m28,0
hsa-mir-125a-5p,m29,0
hsa-mir-99b-5p,m30,0
hsa-mir-127-5p,m31,0
hsa-mir-130a-5p,m32,0
hsa-mir-144-5p,m33,0
hsa-mir-148a-5p,m34,0
hsa-mir-148b-5p,m35,0
hsa-mir-152-5p,m36,0
hsa-mir-150-5p,m37,0
hsa-mir-221-5p,m38,0
hsa-mir-128-1-5p,m39,0
hsa-mir-128-2-5p,m40,0
hsa-mir-96-5p,m41,0
hsa-let-7a-5p,m42,0
hsa-mir-30b-5p,m43,0
hsa-mir-30c-5p,m44,0
hsa-mir-222-5p,m45,0
hsa-mir-182-5p,m46,0
hsa-mir-183-5p,m47,0
hsa-mir-141-5p,m48,0
hsa-mir-200c-5p,m49,0
hsa-mir-18a-5p,m50,0
hsa-mir-19a-5p,m51,0
hsa-mir-19b-1-5p,m52,0
hsa-mir-19b-2-5p,m53,0
hsa-mir-20a-5p,m54,0
hsa-mir-92a-1-5p,m55,0
hsa-mir-92a-2-5p,m56,0
hsa-mir-200b-5p,m57,0
hsa-mir-34a-5p,m58,0
hsa-mir-337-5p,m59,0
hsa-mir-338-5p,m60,0
hsa-mir-210-5p,m61,0
hsa-mir-296-5p,m62,0
hsa-mir-30d-5p,m63,0
hsa-mir-324-5p,m64,0
hsa-mir-346,m65,0
hsa-mir-365a-5p,m66,0
hsa-mir-365b-5p,m67,0
hsa-mir-423-5p,m68,0
hsa-mir-484,m69,0
hsa-mir-486-5p,m70,0
hsa-mir-500a-5p,m71,0
hsa-mir-518b,m72,0
hsa-mir-557,m73,0
hsa-mir-596,m74,0
hsa-mir-602,m75,0
hsa-mir-611,m76,0
hsa-mir-615-5p,m77,0
hsa-mir-629-5p,m78,0
hsa-mir-637,m79,0
hsa-mir-642a-5p,m80,0
hsa-mir-654-5p,m81,0
hsa-mir-663a,m82,0
hsa-mir-769-5p,m83,0
hsa-mir-99a-5p,m84,0
hsa-mir-199b-5p,m85,0
hsa-mir-378a-5p,m86,0
hsa-mir-454-5p,m87,0
hsa-mir-575,m88,0
hsa-mir-22-5p,m89,0
hsa-mir-373-5p,m90,0
hsa-mir-451a,m91,0
hsa-mir-363-5p,m92,0
hsa-mir-181c-5p,m93,0
hsa-mir-29b-2-5p,m94,0
hsa-mir-146a-5p,m95,0
hsa-mir-200a-5p,m96,0
hsa-mir-429,m97,0
hsa-mir-106b-5p,m98,0
hsa-mir-107,m99,0
hsa-mir-20b-5p,m100,0
hsa-mir-214-5p,m101,0
hsa-mir-216a-5p,m102,0
hsa-mir-217-5p,m103,0
hsa-mir-330-5p,m104,0
hsa-mir-452-5p,m105,0
hsa-mir-509-3-5p,m106,0
hsa-mir-517a-3p,m107,0
hsa-mir-518e-5p,m108,0
hsa-mir-519b-5p,m109,0
hsa-mir-593-5p,m110,0
hsa-mir-621,m111,0
hsa-mir-646,m112,0
hsa-mir-767-5p,m113,0
hsa-mir-191-5p,m114,0
hsa-mir-197-5p,m115,0
hsa-mir-21-5p,m116,0
hsa-mir-24-1-5p,m117,0
hsa-mir-24-2-5p,m118,0
hsa-mir-320a-5p,m119,0
hsa-mir-101-2-5p,m120,0
hsa-mir-27a-5p,m121,0
hsa-mir-331-5p,m122,0
hsa-mir-29b-1-5p,m123,0
hsa-mir-424-5p,m124,0
hsa-mir-503-5p,m125,0
hsa-mir-28-5p,m126,0
hsa-mir-382-5p,m127,0
hsa-mir-26a-1-3p,m128,0
hsa-mir-26a-2-3p,m129,0
hsa-mir-30c-1-3p,m130,0
hsa-mir-30c-2-3p,m131,0
hsa-mir-192-5p,m132,0
hsa-mir-205-5p,m133,0
hsa-mir-103a-1-5p,m134,0
hsa-mir-103a-2-5p,m135,0
hsa-mir-100-5p,m136,0
hsa-mir-106a-5p,m137,0
hsa-mir-146b-5p,m138,0
hsa-mir-590-5p,m139,0
hsa-mir-342-5p,m140,0
hsa-mir-671-5p,m141,0
hsa-mir-375-5p,m142,0
hsa-mir-218-1-3p,m143,0
hsa-mir-218-2-3p,m144,0
hsa-mir-133b,m145,0
hsa-mir-1469,m146,0
hsa-mir-1471,m147,0
hsa-mir-1915-5p,m148,0
hsa-mir-193a-5p,m149,0
hsa-mir-2355-5p,m150,0
hsa-mir-3186-5p,m151,0
hsa-mir-625-5p,m152,0
hsa-mir-718,m153,0
hsa-mir-874-5p,m154,0
hsa-mir-508-5p,m155,0
hsa-mir-193b-5p,m156,0
hsa-mir-211-5p,m157,0
hsa-mir-30a-5p,m158,0
hsa-mir-519d-5p,m159,0
hsa-mir-525-5p,m160,0
hsa-mir-142-5p,m161,0
hsa-mir-302b-5p,m162,0
hsa-mir-302c-5p,m163,0
hsa-mir-367-5p,m164,0
hsa-mir-381-5p,m165,0
hsa-mir-154-5p,m166,0
hsa-mir-376b-5p,m167,0
hsa-mir-431-5p,m168,0
hsa-mir-361-5p,m169,0
hsa-mir-24-3p,m170,0
hsa-mir-98-5p,m171,0
hsa-mir-409-5p,m172,0
hsa-mir-125b-5p,m173,0
hsa-mir-421,m174,0
hsa-mir-186-5p,m175,0
hsa-mir-660-5p,m176,0
hsa-mir-198,m177,0
hsa-mir-92a-3p,m178,0
hsa-mir-505-5p,m179,0
hsa-let-7f-5p,m180,0
hsa-mir-103a-3p,m181,0
hsa-mir-1285-5p,m182,0
hsa-mir-26a-5p,m183,0
hsa-mir-26b-5p,m184,0
hsa-mir-532-5p,m185,0
hsa-mir-23a-5p,m186,0
hsa-mir-1-3p,m187,0
hsa-mir-495-5p,m188,0
hsa-mir-195-5p,m189,0
hsa-mir-181b-5p,m190,0
hsa-mir-124-5p,m191,0
hsa-mir-9-5p,m192,0
hsa-mir-218-5p,m193,0
hsa-mir-33b-5p,m194,0
hsa-mir-374a-5p,m195,0
hsa-mir-31-5p,m196,0
hsa-mir-93-5p,m197,0
hsa-mir-130b-5p,m198,0
hsa-mir-335-5p,m199,0
hsa-mir-122-5p,m200,0
hsa-mir-181a-5p,m201,0
hsa-mir-708-5p,m202,0
hsa-mir-34b-5p,m203,0
hsa-mir-194-5p,m204,0
hsa-mir-483-5p,m205,0
hsa-mir-204-5p,m206,0
hsa-mir-1297,m207,0
hsa-mir-4505,m208,0
hsa-mir-320b,m209,0
hsa-mir-132-5p,m210,0
hsa-mir-133a-5p,m211,0
hsa-mir-25-5p,m212,0
hsa-mir-5100,m213,0
hsa-mir-638,m214,0
hsa-mir-632,m215,0
hsa-mir-1246,m216,0
hsa-mir-4732-5p,m217,0
hsa-mir-6088,m218,0
hsa-mir-128-3p,m219,0
hsa-mir-301b-5p,m220,0
hsa-mir-199a-5p,m221,0
hsa-mir-299-5p,m222,0
hsa-mir-519a-5p,m223,0
hsa-mir-151a-5p,m224,0
hsa-mir-19b-3p,m225,0
hsa-mir-377-5p,m226,0
hsa-mir-449b-5p,m227,0
hsa-mir-581,m228,0
hsa-mir-941,m229,0
hsa-mir-7-5p,m230,0
hsa-mir-101-5p,m231,0
hsa-mir-140-5p,m232,0
hsa-mir-744-5p,m233,0
hsa-mir-520c-5p,m234,0
hsa-mir-523-5p,m235,0
hsa-mir-497-5p,m236,0
hsa-mir-362-5p,m237,0
hsa-mir-376c-5p,m238,0
hsa-mir-379-5p,m239,0
hsa-mir-432-5p,m240,0
hsa-mir-487b-5p,m241,0
hsa-mir-501-5p,m242,0
hsa-mir-323a-5p,m243,0
hsa-mir-370-5p,m244,0
hsa-mir-34c-5p,m245,0
hsa-mir-208b-5p,m246,0
hsa-mir-561-5p,m247,0
hsa-mir-298,m248,0
hsa-mir-208a-5p,m249,0
hsa-mir-1224-5p,m250,0
hsa-mir-371a-5p,m251,0
hsa-mir-29b-3p,m252,0
hsa-mir-30e-5p,m253,0
hsa-mir-196a-5p,m254,0
hsa-mir-302a-5p,m255,0
hsa-mir-302d-5p,m256,0
hsa-mir-372-5p,m257,0
hsa-mir-326,m258,0
hsa-mir-147a,m259,0
hsa-mir-301a-5p,m260,0
hsa-mir-374b-5p,m261,0
hsa-mir-137-5p,m262,0
hsa-mir-499a-5p,m263,0
hsa-mir-224-5p,m264,0
hsa-mir-297,m265,0
hsa-mir-574-5p,m266,0
hsa-mir-215-5p,m267,0
hsa-mir-411-5p,m268,0
hsa-mir-23b-5p,m269,0
hsa-mir-513b-5p,m270,0
hsa-mir-513c-5p,m271,0
hsa-mir-571,m272,0
hsa-mir-652-5p,m273,0
hsa-mir-27b-5p,m274,0
hsa-mir-494-5p,m275,0
hsa-mir-129-1-3p,m276,0
hsa-mir-129-2-3p,m277,0
hsa-mir-206,m278,0
hsa-mir-583,m279,0
hsa-mir-134-5p,m280,0
hsa-mir-1825,m281,0
hsa-mir-628-5p,m282,0
hsa-mir-451b,m283,0
hsa-mir-2392,m284,0
hsa-mir-3162-5p,m285,0
hsa-mir-4484,m286,0
hsa-mir-433-5p,m287,0
hsa-mir-185-5p,m288,0
hsa-mir-425-5p,m289,0
hsa-mir-545-5p,m290,0
hsa-mir-33a-5p,m291,0
hsa-mir-139-5p,m292,0
hsa-mir-135a-5p,m293,0
hsa-mir-196b-5p,m294,0
hsa-mir-376a-5p,m295,0
hsa-mir-138-5p,m296,0
hsa-mir-758-5p,m297,0
hsa-mir-491-5p,m298,0
hsa-mir-410-5p,m299,0
hsa-mir-544a,m300,0
hsa-mir-597-5p,m301,0
hsa-mir-636,m302,0
hsa-mir-885-5p,m303,0
hsa-mir-3651,m304,0
hsa-mir-1827,m305,0
hsa-mir-1973,m306,0
hsa-mir-3201,m307,0
hsa-mir-3611,m308,0
hsa-mir-3646,m309,0
hsa-mir-3686,m310,0
hsa-mir-3915,m311,0
hsa-mir-4268,m312,0
hsa-mir-4279,m313,0
hsa-mir-4290,m314,0
hsa-mir-498-5p,m315,0
hsa-mir-612,m316,0
hsa-mir-665,m317,0
hsa-mir-711,m318,0
hsa-mir-943,m319,0
hsa-mir-135b-5p,m320,0
hsa-mir-105-5p,m321,0
hsa-mir-1207-5p,m322,0
hsa-mir-1237-5p,m323,0
hsa-mir-1288-5p,m324,0
hsa-mir-3620-5p,m325,0
hsa-mir-378i,m326,0
hsa-mir-4721,m327,0
hsa-mir-340-5p,m328,0
hsa-mir-576-5p,m329,0
hsa-mir-626,m330,0
hsa-mir-645,m331,0
hsa-mir-548q,m332,0
hsa-mir-345-5p,m333,0
hsa-mir-519c-5p,m334,0
hsa-mir-1301-5p,m335,0
hsa-mir-136-5p,m336,0
hsa-mir-1538,m337,0
hsa-mir-490-5p,m338,0
hsa-mir-1179,m339,0
hsa-mir-1275,m340,0
hsa-mir-212-5p,m341,0
hsa-mir-4739,m342,0
hsa-mir-1244,m343,0
hsa-mir-520b-5p,m344,0
hsa-mir-149-5p,m345,0
hsa-mir-765,m346,0
hsa-mir-1225-5p,m347,0
hsa-mir-4294,m348,0
hsa-mir-4476,m349,0
hsa-mir-4530,m350,0
hsa-mir-6075,m351,0
hsa-mir-6799-5p,m352,0
hsa-mir-6836-5p,m353,0
hsa-mir-6880-5p,m354,0
hsa-mir-188-5p,m355,0
hsa-mir-18b-5p,m356,0
hsa-mir-517c-3p,m357,0
hsa-mir-328-5p,m358,0
hsa-mir-639,m359,0
hsa-mir-187-5p,m360,0
hsa-mir-202-5p,m361,0
hsa-mir-3149,m362,0
hsa-mir-572,m363,0
hsa-mir-32-5p,m364,0
hsa-mir-520h,m365,0
hsa-mir-383-5p,m366,0
hsa-mir-586,m367,0
hsa-mir-485-5p,m368,0
hsa-mir-92b-5p,m369,0
hsa-mir-3662,m370,0
hsa-mir-944,m371,0
hsa-mir-520d-5p,m372,0
hsa-mir-216b-5p,m373,0
hsa-mir-449a,m374,0
hsa-mir-764,m375,0
hsa-mir-579-5p,m376,0
hsa-mir-500b-5p,m377,0
hsa-mir-942-5p,m378,0
hsa-mir-542-5p,m379,0
hsa-mir-4487,m380,0
hsa-mir-4706,m381,0
hsa-mir-4731-5p,m382,0
hsa-mir-506-5p,m383,0
hsa-mir-509-5p,m384,0
hsa-mir-514a-5p,m385,0
hsa-mir-664a-5p,m386,0
hsa-mir-3151-5p,m387,0
hsa-mir-129-5p,m388,0
hsa-mir-511-5p,m389,0
hsa-mir-339-5p,m390,0
hsa-mir-595,m391,0
hsa-mir-939-5p,m392,0
hsa-mir-1183,m393,0
hsa-mir-1299,m394,0
hsa-mir-320d,m395,0
hsa-mir-3960,m396,0
hsa-mir-4534,m397,0
hsa-mir-627-5p,m398,0
hsa-mir-3925-5p,m399,0
hsa-mir-3926,m400,0
hsa-mir-4634,m401,0
hsa-mir-4764-5p,m402,0
hsa-mir-2861,m403,0
hsa-mir-1307-5p,m404,0
hsa-mir-6861-5p,m405,0
hsa-mir-6875-5p,m406,0
hsa-mir-3663-5p,m407,0
hsa-mir-4726-5p,m408,0
hsa-mir-7109-5p,m409,0
hsa-mir-940,m410,0
hsa-mir-369-5p,m411,0
hsa-mir-938,m412,0
hsa-mir-184,m413,0
hsa-mir-3074-5p,m414,0
hsa-mir-4448,m415,0
hsa-mir-4772-5p,m416,0
hsa-mir-489-5p,m417,0
hsa-mir-642b-5p,m418,0
hsa-mir-663b,m419,0
hsa-mir-380-5p,m420,0
hsa-mir-556-5p,m421,0
hsa-mir-1266-5p,m422,0
hsa-mir-3171,m423,0
hsa-mir-4666a-5p,m424,0
hsa-mir-892a,m425,0
hsa-mir-1281,m426,0
hsa-mir-3126-5p,m427,0
hsa-mir-892b,m428,0
hsa-mir-455-5p,m429,0
hsa-mir-766-5p,m430,0
hsa-mir-524-5p,m431,0
hsa-mir-873-5p,m432,0
hsa-mir-1233-5p,m433,0
hsa-mir-598-5p,m434,0
hsa-mir-2110,m435,0
hsa-mir-496,m436,0
hsa-mir-6838-5p,m437,0
hsa-mir-539-5p,m438,0
hsa-mir-3613-5p,m439,0
hsa-mir-1229-5p,m440,0
hsa-mir-8084,m441,0
hsa-mir-488-5p,m442,0
hsa-mir-95-5p,m443,0
hsa-mir-1260a,m444,0
hsa-mir-1908-5p,m445,0
hsa-mir-7-2-3p,m446,0
hsa-mir-378d,m447,0
hsa-mir-371b-5p,m448,0
hsa-mir-3135b,m449,0
hsa-mir-4531,m450,0
hsa-mir-4709-5p,m451,0
hsa-mir-4742-5p,m452,0
hsa-mir-4756-5p,m453,0
hsa-mir-4765,m454,0
hsa-mir-5187-5p,m455,0
hsa-mir-5584-5p,m456,0
hsa-mir-647,m457,0
hsa-mir-563,m458,0
hsa-mir-3177-5p,m459,0
hsa-mir-1185-1-3p,m460,0
hsa-mir-1343-5p,m461,0
hsa-mir-4695-5p,m462,0
hsa-mir-6724-5p,m463,0
hsa-mir-6831-5p,m464,0
hsa-mir-518c-5p,m465,0
hsa-mir-600,m466,0
hsa-mir-601,m467,0
hsa-mir-608,m468,0
hsa-mir-622,m469,0
hsa-mir-657,m470,0
hsa-mir-658,m471,0
hsa-mir-662,m472,0
hsa-mir-196a-1-3p,m473,0
hsa-mir-1249-5p,m474,0
hsa-mir-422a,m475,0
hsa-mir-584-5p,m476,0
hsa-mir-1290,m477,0
hsa-mir-7-1-3p,m478,0
hsa-mir-614,m479,0
hsa-mir-648,m480,0
hsa-mir-1323,m481,0
hsa-mir-4257,m482,0
hsa-mir-4306,m483,0
hsa-mir-922,m484,0
hsa-mir-592,m485,0
hsa-mir-151b,m486,0
hsa-mir-655-5p,m487,0
hsa-mir-760,m488,0
hsa-mir-378b,m489,0
hsa-mir-378c,m490,0
hsa-mir-378e,m491,0
hsa-mir-378f,m492,0
hsa-mir-378g,m493,0
hsa-mir-378h,m494,0
hsa-mir-5010-5p,m495,0
hsa-mir-516a-5p,m496,0
hsa-mir-802,m497,0
hsa-mir-4449,m498,0
hsa-mir-4454,m499,0
hsa-mir-300,m500,0
hsa-mir-4649-5p,m501,0
hsa-mir-1843,m502,0
hsa-mir-551b-5p,m503,0
hsa-mir-1255a,m504,0
hsa-mir-520g-5p,m505,0
hsa-mir-1260b,m506,0
hsa-mir-4508,m507,0
hsa-mir-153-3p,m508,0
hsa-mir-3667-5p,m509,0
hsa-mir-1236-5p,m510,0
hsa-mir-567,m511,0
hsa-mir-502-5p,m512,0
hsa-mir-325,m513,0
hsa-mir-5586-5p,m514,0
hsa-mir-4728-5p,m515,0
hsa-mir-1296-5p,m516,0
hsa-mir-6826-5p,m517,0
hsa-mir-651-5p,m518,0
hsa-mir-510-5p,m519,0
hsa-mir-7705,m520,0
hsa-mir-493-5p,m521,0
hsa-mir-548j-5p,m522,0
hsa-mir-1202,m523,0
hsa-mir-522-5p,m524,0
hsa-mir-582-5p,m525,0
hsa-mir-888-5p,m526,0
hsa-mir-6126,m527,0
hsa-mir-6780b-5p,m528,0
hsa-mir-512-5p,m529,0
hsa-mir-1227-5p,m530,0
hsa-mir-675-5p,m531,0
hsa-mir-1256,m532,0
hsa-mir-1286,m533,0
hsa-mir-1287-5p,m534,0
hsa-mir-641,m535,0
hsa-mir-1258,m536,0
hsa-mir-570-5p,m537,0
hsa-mir-1271-5p,m538,0
hsa-mir-203a-5p,m539,0
hsa-mir-659-5p,m540,0
hsa-mir-492,m541,0
hsa-mir-519e-5p,m542,0
hsa-mir-569,m543,0
hsa-mir-519a-2-5p,m544,0
hsa-mir-520a-5p,m545,0
hsa-mir-520e-5p,m546,0
hsa-mir-520f-5p,m547,0
hsa-mir-605-5p,m548,0
hsa-mir-1273c,m549,0
hsa-mir-1303,m550,0
hsa-mir-499b-5p,m551,0
hsa-mir-1231,m552,0
hsa-mir-624-5p,m553,0
hsa-mir-526b-5p,m554,0
hsa-mir-3649,m555,0
hsa-mir-2278,m556,0
hsa-mir-603,m557,0
hsa-mir-4513,m558,0
hsa-mir-604,m559,0
hsa-mir-2682-5p,m560,0
hsa-mir-1206,m561,0
hsa-mir-548ac,m562,0
hsa-mir-320e,m563,0
hsa-mir-4293,m564,0
hsa-mir-3622a-5p,m565,0
hsa-mir-5582-5p,m566,0
hsa-mir-551a,m567,0
hsa-mir-550a-5p,m568,0
hsa-mir-618,m569,0
hsa-mir-4639-5p,m570,0
hsa-mir-1269b,m571,0
hsa-mir-3131,m572,0
hsa-mir-1269a,m573,0
hsa-mir-1203,m574,0
hsa-mir-6720-5p,m575,0
hsa-mir-6886-5p,m576,0
hsa-mir-1302,m577,0
hsa-mir-3161,m578,0
hsa-mir-589-5p,m579,0
hsa-mir-135a-2-3p,m580,0
hsa-mir-4282,m581,0
hsa-mir-138-1-3p,m582,0
hsa-mir-138-2-3p,m583,0
hsa-mir-630,m584,0
hsa-mir-937-5p,m585,0
hsa-mir-548a-3p,m586,0
hsa-mir-573,m587,0
hsa-mir-634,m588,0
hsa-mir-448,m589,0
hsa-mir-1180-5p,m590,0
hsa-mir-548an,m591,0
hsa-mir-541-5p,m592,0
hsa-mir-613,m593,0
hsa-mir-610,m594,0
hsa-mir-329-5p,m595,0
hsa-mir-3178,m596,0
hsa-mir-661,m597,0
hsa-mir-599,m598,0
hsa-mir-640,m599,0
hsa-mir-1181,m600,0
hsa-mir-650,m601,0
hsa-mir-302f,m602,0
hsa-mir-617,m603,0
hsa-mir-376a-2-5p,m604,0
hsa-mir-504-5p,m605,0
hsa-mir-190a-5p,m606,0
hsa-mir-190b-5p,m607,0
hsa-mir-323b-5p,m608,0
hsa-mir-1228-5p,m609,0
hsa-mir-1234-3p,m610,0
hsa-mir-515-5p,m611,0
hsa-mir-1321,m612,0
hsa-mir-877-5p,m613,0
hsa-mir-4423-5p,m614,0
hsa-mir-4723-5p,m615,0
hsa-mir-4661-5p,m616,0
hsa-mir-4758-5p,m617,0
hsa-mir-2909,m618,0
hsa-mir-552-5p,m619,0
hsa-mir-3144-5p,m620,0
hsa-mir-1291,m621,0
hsa-mir-384,m622,0
hsa-mir-3127-5p,m623,0
hsa-mir-578,m624,0
hsa-mir-1226-5p,m625,0
hsa-mir-558,m626,0
hsa-mir-3189-5p,m627,0
hsa-mir-1270,m628,0
hsa-mir-1204,m629,0
hsa-mir-577,m630,0
hsa-mir-548c-5p,m631,0
hsa-mir-518a-5p,m632,0
hsa-mir-889-5p,m633,0
hsa-mir-1238-5p,m634,0
hsa-mir-449c-5p,m635,0
hsa-mir-1264,m636,0
hsa-mir-4295,m637,0
hsa-mir-320c,m638,0
hsa-mir-4286,m639,0
hsa-mir-5193,m640,0
hsa-mir-4446-5p,m641,0
hsa-mir-3619-5p,m642,0
hsa-mir-4697-5p,m643,0
hsa-mir-543,m644,0
hsa-mir-4496,m645,0
hsa-mir-23c,m646,0
hsa-mir-3176,m647,0
hsa-mir-3654,m648,0
hsa-mir-5004-5p,m649,0
hsa-mir-606,m650,0
hsa-mir-518f-5p,m651,0
hsa-mir-1295a,m652,0
hsa-mir-4443,m653,0
hsa-mir-4644,m654,0
hsa-mir-4687-5p,m655,0
hsa-mir-616-5p,m656,0
hsa-mir-4787-5p,m657,0
hsa-mir-1284,m658,0
hsa-mir-4465,m659,0
hsa-mir-635,m660,0
hsa-mir-3658,m661,0
hsa-mir-4753-5p,m662,0
hsa-mir-1292-5p,m663,0
hsa-mir-4775,m664,0
hsa-mir-644a,m665,0
hsa-mir-147b-5p,m666,0
hsa-mir-4447,m667,0
hsa-mir-548p,m668,0
hsa-mir-548f-5p,m669,0
hsa-mir-548am-5p,m670,0
hsa-mir-548i,m671,0
hsa-mir-676-5p,m672,0
hsa-mir-466,m673,0
hsa-mir-762,m674,0
hsa-mir-2113,m675,0
hsa-mir-1910-5p,m676,0
hsa-mir-514b-5p,m677,0
hsa-mir-6853-5p,m678,0
hsa-mir-4521,m679,0
hsa-mir-4455,m680,0
hsa-mir-4319,m681,0
hsa-mir-3614-5p,m682,0
hsa-mir-1976,m683,0
hsa-mir-4633-5p,m684,0
hsa-mir-1247-5p,m685,0
hsa-mir-3148,m686,0
hsa-mir-3158-5p,m687,0
hsa-mir-5699-5p,m688,0
hsa-mir-6798-5p,m689,0
hsa-mir-1972,m690,0
hsa-mir-507,m691,0
hsa-mir-770-5p,m692,0
hsa-mir-1253,m693,0
hsa-mir-4302,m694,0
hsa-mir-6873-5p,m695,0
hsa-mir-4310,m696,0
hsa-mir-5003-5p,m697,0
hsa-mir-518d-5p,m698,0
hsa-mir-219a-5p,m699,0
hsa-mir-1293,m700,0
hsa-mir-1245a,m701,0
hsa-mir-1245b-5p,m702,0
hsa-mir-544b,m703,0
hsa-mir-103b,m704,0
hsa-mir-550a-3-5p,m705,0
hsa-mir-591,m706,0
hsa-mir-1248,m707,0
hsa-mir-656-5p,m708,0
hsa-mir-4782-5p,m709,0
hsa-mir-9500,m710,0
hsa-mir-620,m711,0
hsa-mir-3928-5p,m712,0
hsa-mir-4429,m713,0
hsa-mir-585-5p,m714,0
hsa-mir-548d-5p,m715,0
hsa-mir-450b-5p,m716,0
hsa-mir-1324,m717,0
hsa-mir-568,m718,0
hsa-mir-1178-5p,m719,0
hsa-mir-1182,m720,0
hsa-mir-4284,m721,0
hsa-mir-4717-5p,m722,0
hsa-mir-875-5p,m723,0
hsa-mir-3622b-5p,m724,0
hsa-mir-4467,m725,0
hsa-mir-526a-5p,m726,0
hsa-mir-1283,m727,0
hsa-mir-587,m728,0
hsa-mir-761,m729,0
hsa-mir-4458,m730,0
hsa-mir-631,m731,0
hsa-mir-3130-5p,m732,0
hsa-mir-548b-5p,m733,0
hsa-mir-4736,m734,0
hsa-mir-664b-5p,m735,0
hsa-mir-935,m736,0
hsa-mir-4480,m737,0
hsa-mir-4270,m738,0
hsa-mir-4778-5p,m739,0
hsa-mir-6068,m740,0
hsa-mir-6133,m741,0
hsa-mir-4701-5p,m742,0
hsa-mir-3188,m743,0
hsa-mir-4271,m744,0
hsa-mir-6734-5p,m745,0
hsa-mir-588,m746,0
hsa-mir-3666,m747,0
hsa-mir-4262,m748,0
hsa-mir-1304-5p,m749,0
hsa-mir-1298-5p,m750,0
hsa-mir-3117-5p,m751,0
hsa-mir-3941,m752,0
hsa-mir-3908,m753,0
hsa-mir-3664-5p,m754,0
hsa-mir-1185-5p,m755,0
hsa-mir-4317,m756,0
hsa-mir-4326,m757,0
hsa-mir-513a-5p,m758,0
hsa-mir-6869-5p,m759,0
hsa-mir-3147,m760,0
hsa-mir-3909,m761,0
hsa-mir-6086,m762,0
hsa-mir-548k,m763,0
hsa-mir-876-5p,m764,0
hsa-mir-302e,m765,0
hsa-mir-3160-5p,m766,0
hsa-mir-4497,m767,0
hsa-mir-487a-5p,m768,0
hsa-mir-3200-5p,m769,0
hsa-mir-5590-5p,m770,0
hsa-mir-6852-5p,m771,0
hsa-mir-6089,m772,0
hsa-mir-7702,m773,0
hsa-mir-1265,m774,0
hsa-mir-933,m775,0
hsa-mir-1306-5p,m776,0
hsa-mir-4463,m777,0
hsa-mir-4490,m778,0
hsa-mir-6775-5p,m779,0
hsa-mir-203b-5p,m780,0
hsa-mir-450a-5p,m781,0
hsa-mir-3196,m782,0
hsa-mir-4500,m783,0
hsa-mir-562,m784,0
hsa-mir-1261,m785,0
hsa-mir-4650-5p,m786,0
hsa-mir-643,m787,0
hsa-mir-4516,m788,0
hsa-mir-1294,m789,0
hsa-mir-7152-5p,m790,0
hsa-mir-891a-5p,m791,0
hsa-mir-934,m792,0
hsa-mir-564,m793,0
hsa-mir-3175,m794,0
hsa-mir-555,m795,0
hsa-mir-1914-5p,m796,0
hsa-mir-3648,m797,0
hsa-mir-548t-5p,m798,0
hsa-mir-1268a,m799,0
hsa-mir-1268b,m800,0
hsa-mir-4466,m801,0
hsa-mir-6729-5p,m802,0
hsa-mir-619-5p,m803,0
hsa-mir-450a-1-3p,m804,0
hsa-mir-450a-2-3p,m805,0
hsa-mir-527,m806,0
hsa-mir-1305,m807,0
hsa-mir-1322,m808,0
hsa-mir-633,m809,0
hsa-mir-4291,m810,0
hsa-mir-4324,m811,0
hsa-mir-921,m812,0
hsa-mir-2116-5p,m813,0
hsa-mir-3940-5p,m814,0
hsa-mir-1295b-5p,m815,0
hsa-mir-4478,m816,0
hsa-mir-668-5p,m817,0
hsa-mir-3156-5p,m818,0
hsa-mir-4488,m819,0
hsa-mir-6721-5p,m820,0
hsa-mir-521,m821,0
hsa-mir-3924,m822,0
hsa-mir-548e-5p,m823,0
hsa-mir-550b-2-5p,m824,0
hsa-mir-3185,m825,0
hsa-mir-1277-5p,m826,0
hsa-mir-3945,m827,0
hsa-mir-4501,m828,0
hsa-mir-4672,m829,0
hsa-mir-3923,m830,0
hsa-mir-5000-5p,m831,0
hsa-mir-5009-5p,m832,0
hsa-mir-3065-5p,m833,0
hsa-mir-3976,m834,0
hsa-mir-4648,m835,0
hsa-mir-4664-5p,m836,0
hsa-mir-516b-5p,m837,0
hsa-mir-517-5p,m838,0
hsa-mir-517b-3p,m839,0
hsa-mir-3195,m840,0
hsa-mir-4469,m841,0
hsa-mir-4510,m842,0
hsa-mir-4770,m843,0
hsa-mir-4489,m844,0
hsa-mir-3198,m845,0
hsa-mir-7515,m846,0
hsa-mir-4793-5p,m847,0
hsa-mir-3916,m848,0
hsa-mir-4274,m849,0
hsa-mir-4784,m850,0
hsa-mir-4795-5p,m851,0
hsa-mir-623,m852,0
hsa-mir-1909-5p,m853,0
hsa-mir-3138,m854,0
hsa-mir-5692b,m855,0
hsa-mir-3610,m856,0
hsa-mir-1267,m857,0
hsa-mir-1282,m858,0
hsa-mir-6069,m859,0
hsa-mir-4258,m860,0
hsa-mir-4298,m861,0
hsa-mir-7107-5p,m862,0
hsa-mir-7847-3p,m863,0
hsa-mir-3120-5p,m864,0
hsa-mir-3677-5p,m865,0
hsa-mir-3682-5p,m866,0
hsa-mir-3689d,m867,0
hsa-mir-4518,m868,0
hsa-mir-5189-5p,m869,0
hsa-mir-1276,m870,0
hsa-mir-3142,m871,0
hsa-mir-3182,m872,0
hsa-mir-4301,m873,0
hsa-mir-1184,m874,0
hsa-mir-670-5p,m875,0
hsa-mir-548l,m876,0
hsa-mir-1468-5p,m877,0
hsa-mir-3913-5p,m878,0
hsa-mir-3170,m879,0
hsa-mir-1252-5p,m880,0
hsa-mir-7706,m881,0
hsa-mir-3157-5p,m882,0
hsa-mir-5091,m883,0
hsa-mir-6508-5p,m884,0
hsa-mir-7161-5p,m885,0
hsa-mir-4511,m886,0
hsa-mir-6124,m887,0
hsa-mir-4507,m888,0
hsa-mir-4656,m889,0
hsa-mir-6782-5p,m890,0
hsa-mir-3714,m891,0
hsa-mir-6867-5p,m892,0
hsa-mir-412-5p,m893,0
hsa-mir-3163,m894,0
hsa-mir-4281,m895,0
hsa-mir-649,m896,0
hsa-mir-374c-5p,m897,0
hsa-mir-920,m898,0
hsa-mir-3146,m899,0
hsa-mir-4746-5p,m900,0
hsa-mir-1250-3p,m901,0
hsa-mir-153-5p,m902,0
hsa-mir-199a-3p,m903,0
hsa-mir-199b-3p,m904,0
hsa-mir-205-3p,m905,0
hsa-mir-30a-3p,m906,0
hsa-mir-30d-3p,m907,0
hsa-mir-30e-3p,m908,0
hsa-mir-3129-5p,m909,0
hsa-mir-335-3p,m910,0
hsa-mir-3942-3p,m911,0
hsa-mir-4797-3p,m912,0
hsa-mir-2115-3p,m913,0
hsa-mir-2116-3p,m914,0
hsa-mir-214-3p,m915,0
hsa-mir-34a-3p,m916,0
hsa-mir-3617-3p,m917,0
hsa-mir-4711-5p,m918,0
hsa-mir-4733-5p,m919,0
hsa-mir-545-3p,m920,0
hsa-mir-6793-3p,m921,0
hsa-mir-6814-5p,m922,0
hsa-mir-6884-3p,m923,0
hsa-mir-7157-5p,m924,0
hsa-mir-101-3p,m925,0
hsa-mir-1227-3p,m926,0
hsa-mir-1271-3p,m927,0
hsa-mir-130a-3p,m928,0
hsa-mir-130b-3p,m929,0
hsa-mir-148a-3p,m930,0
hsa-mir-148b-3p,m931,0
hsa-mir-152-3p,m932,0
hsa-mir-1911-5p,m933,0
hsa-mir-192-3p,m934,0
hsa-mir-301a-3p,m935,0
hsa-mir-301b-3p,m936,0
hsa-mir-33b-3p,m937,0
hsa-mir-3691-3p,m938,0
hsa-mir-371a-3p,m939,0
hsa-mir-371b-3p,m940,0
hsa-mir-4276,m941,0
hsa-mir-4697-3p,m942,0
hsa-mir-4712-5p,m943,0
hsa-mir-4715-3p,m944,0
hsa-mir-5094,m945,0
hsa-mir-515-3p,m946,0
hsa-mir-5189-3p,m947,0
hsa-mir-519e-3p,m948,0
hsa-mir-6733-3p,m949,0
hsa-mir-2681-3p,m950,0
hsa-mir-3158-3p,m951,0
hsa-mir-374a-3p,m952,0
hsa-mir-4283,m953,0
hsa-mir-4437,m954,0
hsa-mir-452-3p,m955,0
hsa-mir-4674,m956,0
hsa-mir-5088-5p,m957,0
hsa-mir-6072,m958,0
hsa-mir-6847-3p,m959,0
hsa-mir-6870-3p,m960,0
hsa-mir-6891-3p,m961,0
hsa-mir-7158-5p,m962,0
hsa-mir-100-3p,m963,0
hsa-mir-2115-5p,m964,0
hsa-mir-4464,m965,0
hsa-mir-516a-3p,m966,0
hsa-mir-516b-3p,m967,0
hsa-mir-6070,m968,0
hsa-mir-7162-5p,m969,0
hsa-let-7a-3p,m970,0
hsa-let-7b-3p,m971,0
hsa-mir-1185-2-3p,m972,0
hsa-mir-3613-3p,m973,0
hsa-mir-381-3p,m974,0
hsa-mir-4666a-3p,m975,0
hsa-mir-4789-5p,m976,0
hsa-mir-548ae-3p,m977,0
hsa-mir-548ah-3p,m978,0
hsa-mir-548am-3p,m979,0
hsa-mir-548aq-3p,m980,0
hsa-mir-548bb-3p,m981,0
hsa-mir-548c-3p,m982,0
hsa-mir-548d-3p,m983,0
hsa-mir-548h-3p,m984,0
hsa-mir-548j-3p,m985,0
hsa-mir-548z,m986,0
hsa-mir-98-3p,m987,0
hsa-mir-1470,m988,0
hsa-mir-2114-5p,m989,0
hsa-mir-215-3p,m990,0
hsa-mir-3145-5p,m991,0
hsa-mir-3657,m992,0
hsa-mir-3925-3p,m993,0
hsa-mir-4420,m994,0
hsa-mir-4433b-5p,m995,0
hsa-mir-4639-3p,m996,0
hsa-mir-4646-3p,m997,0
hsa-mir-4667-3p,m998,0
hsa-mir-4691-5p,m999,0
hsa-mir-483-3p,m1000,0
hsa-mir-668-3p,m1001,0
hsa-mir-6748-3p,m1002,0
hsa-mir-676-3p,m1003,0
hsa-mir-6773-3p,m1004,0
hsa-mir-6792-3p,m1005,0
hsa-mir-6794-3p,m1006,0
hsa-mir-6803-3p,m1007,0
hsa-mir-6834-3p,m1008,0
hsa-mir-6879-3p,m1009,0
hsa-mir-6887-3p,m1010,0
hsa-mir-6892-3p,m1011,0
hsa-mir-766-3p,m1012,0
hsa-mir-146b-3p,m1013,0
hsa-mir-18b-3p,m1014,0
hsa-mir-203b-3p,m1015,0
hsa-mir-3140-5p,m1016,0
hsa-mir-3157-3p,m1017,0
hsa-mir-3173-5p,m1018,0
hsa-mir-345-3p,m1019,0
hsa-mir-4539,m1020,0
hsa-mir-4680-5p,m1021,0
hsa-mir-4724-5p,m1022,0
hsa-mir-4732-3p,m1023,0
hsa-mir-5009-3p,m1024,0
hsa-mir-6775-3p,m1025,0
hsa-mir-6779-3p,m1026,0
hsa-mir-6799-3p,m1027,0
hsa-mir-7158-3p,m1028,0
hsa-mir-7976,m1029,0
hsa-mir-874-3p,m1030,0
hsa-mir-4519,m1031,0
hsa-mir-4524a-5p,m1032,0
hsa-mir-4524b-5p,m1033,0
hsa-mir-6165,m1034,0
hsa-mir-6510-5p,m1035,0
hsa-mir-6792-5p,m1036,0
hsa-mir-6808-5p,m1037,0
hsa-mir-6820-5p,m1038,0
hsa-mir-6828-5p,m1039,0
hsa-mir-6893-5p,m1040,0
hsa-mir-7150,m1041,0
hsa-mir-140-3p,m1042,0
hsa-mir-216a-3p,m1043,0
hsa-mir-27a-3p,m1044,0
hsa-mir-27b-3p,m1045,0
hsa-mir-3064-3p,m1046,0
hsa-mir-3681-3p,m1047,0
hsa-mir-449b-3p,m1048,0
hsa-mir-4691-3p,m1049,0
hsa-mir-5693,m1050,0
hsa-mir-6499-3p,m1051,0
hsa-mir-6743-3p,m1052,0
hsa-mir-6746-3p,m1053,0
hsa-mir-6858-3p,m1054,0
hsa-mir-424-3p,m1055,0
hsa-mir-4432,m1056,0
hsa-mir-4457,m1057,0
hsa-mir-4499,m1058,0
hsa-mir-4696,m1059,0
hsa-mir-4719,m1060,0
hsa-mir-4731-3p,m1061,0
hsa-mir-4801,m1062,0
hsa-mir-548aj-3p,m1063,0
hsa-mir-548ar-3p,m1064,0
hsa-mir-548at-3p,m1065,0
hsa-mir-548av-3p,m1066,0
hsa-mir-548ay-3p,m1067,0
hsa-mir-548az-3p,m1068,0
hsa-mir-548e-3p,m1069,0
hsa-mir-548f-3p,m1070,0
hsa-mir-548g-3p,m1071,0
hsa-mir-548o-3p,m1072,0
hsa-mir-548u,m1073,0
hsa-mir-548x-3p,m1074,0
hsa-mir-5582-3p,m1075,0
hsa-mir-624-3p,m1076,0
hsa-mir-7844-5p,m1077,0
hsa-mir-8087,m1078,0
hsa-mir-4716-5p,m1079,0
hsa-mir-5581-3p,m1080,0
hsa-mir-7151-5p,m1081,0
hsa-mir-7154-5p,m1082,0
hsa-mir-8060,m1083,0
hsa-mir-887-3p,m1084,0
hsa-mir-95-3p,m1085,0
hsa-mir-4288,m1086,0
hsa-mir-4527,m1087,0
hsa-mir-4743-3p,m1088,0
hsa-mir-654-3p,m1089,0
hsa-mir-6738-3p,m1090,0
hsa-mir-505-3p,m1091,0
hsa-mir-3609,m1092,0
hsa-mir-372-3p,m1093,0
hsa-mir-4670-5p,m1094,0
hsa-mir-4796-3p,m1095,0
hsa-mir-518a-3p,m1096,0
hsa-mir-518c-3p,m1097,0
hsa-mir-518d-3p,m1098,0
hsa-mir-518e-3p,m1099,0
hsa-mir-518f-3p,m1100,0
hsa-mir-5190,m1101,0
hsa-mir-519a-3p,m1102,0
hsa-mir-519b-3p,m1103,0
hsa-mir-519c-3p,m1104,0
hsa-mir-519d-3p,m1105,0
hsa-mir-520a-3p,m1106,0
hsa-mir-520b,m1107,0
hsa-mir-520c-3p,m1108,0
hsa-mir-520d-3p,m1109,0
hsa-mir-520e,m1110,0
hsa-mir-520g-3p,m1111,0
hsa-mir-526b-3p,m1112,0
hsa-mir-548ah-5p,m1113,0
hsa-mir-548az-5p,m1114,0
hsa-mir-559,m1115,0
hsa-mir-5590-3p,m1116,0
hsa-mir-6786-3p,m1117,0
hsa-mir-9-3p,m1118,0
hsa-mir-4724-3p,m1119,0
hsa-mir-4753-3p,m1120,0
hsa-mir-550b-3p,m1121,0
hsa-mir-627-3p,m1122,0
hsa-mir-6759-3p,m1123,0
hsa-mir-6782-3p,m1124,0
hsa-mir-6832-3p,m1125,0
hsa-mir-137,m1126,0
hsa-mir-3682-3p,m1127,0
hsa-mir-3689a-5p,m1128,0
hsa-mir-3689b-5p,m1129,0
hsa-mir-3689e,m1130,0
hsa-mir-3689f,m1131,0
hsa-mir-4289,m1132,0
hsa-mir-4502,m1133,0
hsa-mir-4679,m1134,0
hsa-mir-5701,m1135,0
hsa-mir-6717-5p,m1136,0
hsa-mir-758-3p,m1137,0
hsa-mir-8070,m1138,0
hsa-mir-92b-3p,m1139,0
hsa-mir-1205,m1140,0
hsa-mir-1273h-3p,m1141,0
hsa-mir-1539,m1142,0
hsa-mir-17-3p,m1143,0
hsa-mir-1909-3p,m1144,0
hsa-mir-211-3p,m1145,0
hsa-mir-3193,m1146,0
hsa-mir-3678-3p,m1147,0
hsa-mir-3918,m1148,0
hsa-mir-4418,m1149,0
hsa-mir-4436b-3p,m1150,0
hsa-mir-4446-3p,m1151,0
hsa-mir-4512,m1152,0
hsa-mir-4520-5p,m1153,0
hsa-mir-4685-5p,m1154,0
hsa-mir-4734,m1155,0
hsa-mir-4749-5p,m1156,0
hsa-mir-4763-3p,m1157,0
hsa-mir-4772-3p,m1158,0
hsa-mir-4781-5p,m1159,0
hsa-mir-486-3p,m1160,0
hsa-mir-5090,m1161,0
hsa-mir-6132,m1162,0
hsa-mir-6511b-5p,m1163,0
hsa-mir-6722-3p,m1164,0
hsa-mir-6727-5p,m1165,0
hsa-mir-6735-5p,m1166,0
hsa-mir-6762-5p,m1167,0
hsa-mir-6784-5p,m1168,0
hsa-mir-6787-5p,m1169,0
hsa-mir-6811-5p,m1170,0
hsa-mir-6837-5p,m1171,0
hsa-mir-6845-5p,m1172,0
hsa-mir-6877-5p,m1173,0
hsa-mir-6879-5p,m1174,0
hsa-mir-6895-5p,m1175,0
hsa-mir-7156-3p,m1176,0
hsa-mir-7160-3p,m1177,0
hsa-mir-1229-3p,m1178,0
hsa-mir-154-3p,m1179,0
hsa-mir-485-3p,m1180,0
hsa-mir-487a-3p,m1181,0
hsa-mir-539-3p,m1182,0
hsa-mir-5689,m1183,0
hsa-mir-3650,m1184,0
hsa-mir-511-3p,m1185,0
hsa-mir-1245b-3p,m1186,0
hsa-mir-219b-5p,m1187,0
hsa-mir-4643,m1188,0
hsa-mir-4717-3p,m1189,0
hsa-mir-500a-3p,m1190,0
hsa-mir-501-3p,m1191,0
hsa-mir-502-3p,m1192,0
hsa-mir-5589-3p,m1193,0
hsa-mir-5683,m1194,0
hsa-mir-576-3p,m1195,0
hsa-mir-6516-3p,m1196,0
hsa-mir-942-3p,m1197,0
hsa-mir-144-3p,m1198,0
hsa-mir-195-3p,m1199,0
hsa-mir-3145-3p,m1200,0
hsa-mir-4645-3p,m1201,0
hsa-mir-548v,m1202,0
hsa-mir-656-3p,m1203,0
hsa-mir-7151-3p,m1204,0
hsa-mir-936,m1205,0
hsa-mir-1200,m1206,0
hsa-mir-1237-3p,m1207,0
hsa-mir-1343-3p,m1208,0
hsa-mir-3127-3p,m1209,0
hsa-mir-331-3p,m1210,0
hsa-mir-3667-3p,m1211,0
hsa-mir-3679-3p,m1212,0
hsa-mir-4292,m1213,0
hsa-mir-4297,m1214,0
hsa-mir-4713-5p,m1215,0
hsa-mir-5088-3p,m1216,0
hsa-mir-5581-5p,m1217,0
hsa-mir-629-3p,m1218,0
hsa-mir-660-3p,m1219,0
hsa-mir-6734-3p,m1220,0
hsa-mir-6756-3p,m1221,0
hsa-mir-6791-5p,m1222,0
hsa-mir-6801-3p,m1223,0
hsa-mir-6809-3p,m1224,0
hsa-mir-6810-3p,m1225,0
hsa-mir-6826-3p,m1226,0
hsa-mir-6845-3p,m1227,0
hsa-mir-6868-3p,m1228,0
hsa-mir-1247-3p,m1229,0
hsa-mir-4740-3p,m1230,0
hsa-mir-5587-3p,m1231,0
hsa-mir-6881-5p,m1232,0
hsa-mir-18a-3p,m1233,0
hsa-mir-217,m1234,0
hsa-mir-3152-5p,m1235,0
hsa-mir-324-3p,m1236,0
hsa-mir-4777-3p,m1237,0
hsa-mir-4999-3p,m1238,0
hsa-mir-5001-3p,m1239,0
hsa-mir-5002-3p,m1240,0
hsa-mir-6514-3p,m1241,0
hsa-mir-6747-3p,m1242,0
hsa-mir-6778-3p,m1243,0
hsa-mir-6781-3p,m1244,0
hsa-mir-6791-3p,m1245,0
hsa-mir-6829-3p,m1246,0
hsa-mir-6836-3p,m1247,0
hsa-mir-6882-3p,m1248,0
hsa-mir-6890-3p,m1249,0
hsa-mir-4659a-3p,m1250,0
hsa-mir-4659b-3p,m1251,0
hsa-mir-4684-5p,m1252,0
hsa-mir-4778-3p,m1253,0
hsa-mir-6740-3p,m1254,0
hsa-mir-6780a-3p,m1255,0
hsa-mir-6852-3p,m1256,0
hsa-mir-6881-3p,m1257,0
hsa-mir-7111-3p,m1258,0
hsa-mir-877-3p,m1259,0
hsa-mir-1537-5p,m1260,0
hsa-mir-299-3p,m1261,0
hsa-mir-4676-3p,m1262,0
hsa-mir-4687-3p,m1263,0
hsa-mir-4718,m1264,0
hsa-mir-4742-3p,m1265,0
hsa-mir-4999-5p,m1266,0
hsa-mir-5010-3p,m1267,0
hsa-mir-5087,m1268,0
hsa-mir-675-3p,m1269,0
hsa-mir-6818-5p,m1270,0
hsa-mir-8068,m1271,0
hsa-mir-892c-3p,m1272,0
hsa-mir-4305,m1273,0
hsa-mir-4773,m1274,0
hsa-mir-495-3p,m1275,0
hsa-mir-548as-3p,m1276,0
hsa-mir-5687,m1277,0
hsa-mir-570-3p,m1278,0
hsa-mir-589-3p,m1279,0
hsa-mir-8067,m1280,0
hsa-mir-1306-3p,m1281,0
hsa-mir-4529-3p,m1282,0
hsa-mir-1224-3p,m1283,0
hsa-mir-3620-3p,m1284,0
hsa-mir-4725-5p,m1285,0
hsa-mir-5196-3p,m1286,0
hsa-mir-5591-3p,m1287,0
hsa-mir-5699-3p,m1288,0
hsa-mir-6732-3p,m1289,0
hsa-mir-6865-3p,m1290,0
hsa-mir-7114-3p,m1291,0
hsa-mir-2467-3p,m1292,0
hsa-mir-330-3p,m1293,0
hsa-mir-3935,m1294,0
hsa-mir-3973,m1295,0
hsa-mir-4422,m1296,0
hsa-mir-4468,m1297,0
hsa-mir-4771,m1298,0
hsa-mir-548a-5p,m1299,0
hsa-mir-548ab,m1300,0
hsa-mir-548ad-5p,m1301,0
hsa-mir-548ae-5p,m1302,0
hsa-mir-548ak,m1303,0
hsa-mir-548ap-5p,m1304,0
hsa-mir-548aq-5p,m1305,0
hsa-mir-548ar-5p,m1306,0
hsa-mir-548as-5p,m1307,0
hsa-mir-548au-5p,m1308,0
hsa-mir-548av-5p,m1309,0
hsa-mir-548ay-5p,m1310,0
hsa-mir-548bb-5p,m1311,0
hsa-mir-548h-5p,m1312,0
hsa-mir-548n,m1313,0
hsa-mir-548o-5p,m1314,0
hsa-mir-548w,m1315,0
hsa-mir-548y,m1316,0
hsa-mir-5697,m1317,0
hsa-mir-6832-5p,m1318,0
hsa-mir-6835-3p,m1319,0
hsa-mir-8054,m1320,0
hsa-mir-376c-3p,m1321,0
hsa-mir-4803,m1322,0
hsa-mir-33a-3p,m1323,0
hsa-mir-4491,m1324,0
hsa-mir-4520-2-3p,m1325,0
hsa-mir-4520-3p,m1326,0
hsa-mir-4638-3p,m1327,0
hsa-mir-4657,m1328,0
hsa-mir-4804-5p,m1329,0
hsa-mir-7849-3p,m1330,0
hsa-mir-8066,m1331,0
hsa-mir-1262,m1332,0
hsa-mir-3174,m1333,0
hsa-mir-3180,m1334,0
hsa-mir-3180-3p,m1335,0
hsa-mir-4285,m1336,0
hsa-mir-4316,m1337,0
hsa-mir-4483,m1338,0
hsa-mir-4651,m1339,0
hsa-mir-4658,m1340,0
hsa-mir-4701-3p,m1341,0
hsa-mir-4710,m1342,0
hsa-mir-6736-5p,m1343,0
hsa-mir-6737-5p,m1344,0
hsa-mir-6747-5p,m1345,0
hsa-mir-6752-5p,m1346,0
hsa-mir-6790-5p,m1347,0
hsa-mir-6812-5p,m1348,0
hsa-mir-6816-5p,m1349,0
hsa-mir-6819-5p,m1350,0
hsa-mir-6842-5p,m1351,0
hsa-mir-7110-5p,m1352,0
hsa-mir-7704,m1353,0
hsa-mir-7855-5p,m1354,0
hsa-mir-20a-3p,m1355,0
hsa-mir-4708-5p,m1356,0
hsa-mir-5700,m1357,0
hsa-mir-1911-3p,m1358,0
hsa-mir-1912,m1359,0
hsa-mir-4482-5p,m1360,0
hsa-mir-4645-5p,m1361,0
hsa-mir-4726-3p,m1362,0
hsa-mir-4733-3p,m1363,0
hsa-mir-4738-3p,m1364,0
hsa-mir-488-3p,m1365,0
hsa-mir-494-3p,m1366,0
hsa-mir-497-3p,m1367,0
hsa-mir-500b-3p,m1368,0
hsa-mir-510-3p,m1369,0
hsa-mir-548aa,m1370,0
hsa-mir-548ap-3p,m1371,0
hsa-mir-548t-3p,m1372,0
hsa-mir-6715a-3p,m1373,0
hsa-mir-6753-5p,m1374,0
hsa-mir-3074-3p,m1375,0
hsa-mir-3664-3p,m1376,0
hsa-mir-6787-3p,m1377,0
hsa-mir-6830-3p,m1378,0
hsa-mir-6833-3p,m1379,0
hsa-mir-2117,m1380,0
hsa-mir-2355-3p,m1381,0
hsa-mir-3615,m1382,0
hsa-mir-4652-3p,m1383,0
hsa-mir-4768-5p,m1384,0
hsa-mir-6817-3p,m1385,0
hsa-mir-6838-3p,m1386,0
hsa-mir-6867-3p,m1387,0
hsa-mir-6873-3p,m1388,0
hsa-mir-6888-3p,m1389,0
hsa-mir-6895-3p,m1390,0
hsa-mir-7110-3p,m1391,0
hsa-mir-188-3p,m1392,0
hsa-mir-216b-3p,m1393,0
hsa-mir-3166,m1394,0
hsa-mir-329-3p,m1395,0
hsa-mir-362-3p,m1396,0
hsa-mir-377-3p,m1397,0
hsa-mir-4494,m1398,0
hsa-mir-4789-3p,m1399,0
hsa-mir-642a-3p,m1400,0
hsa-mir-642b-3p,m1401,0
hsa-mir-6768-5p,m1402,0
hsa-mir-6840-3p,m1403,0
hsa-mir-8485,m1404,0
hsa-mir-6866-5p,m1405,0
hsa-mir-3124-3p,m1406,0
hsa-mir-3655,m1407,0
hsa-mir-3685,m1408,0
hsa-mir-5003-3p,m1409,0
hsa-mir-670-3p,m1410,0
hsa-mir-1304-3p,m1411,0
hsa-mir-182-3p,m1412,0
hsa-mir-296-3p,m1413,0
hsa-mir-342-3p,m1414,0
hsa-mir-3680-5p,m1415,0
hsa-mir-4273,m1416,0
hsa-mir-597-3p,m1417,0
hsa-mir-653-3p,m1418,0
hsa-mir-6784-3p,m1419,0
hsa-mir-6823-5p,m1420,0
hsa-mir-6839-3p,m1421,0
hsa-mir-7156-5p,m1422,0
hsa-mir-5587-5p,m1423,0
hsa-mir-6876-3p,m1424,0
hsa-mir-6885-3p,m1425,0
hsa-mir-1255b-2-3p,m1426,0
hsa-mir-4485-5p,m1427,0
hsa-mir-4763-5p,m1428,0
hsa-mir-6078,m1429,0
hsa-mir-6720-3p,m1430,0
hsa-mir-6735-3p,m1431,0
hsa-mir-6777-3p,m1432,0
hsa-mir-6811-3p,m1433,0
hsa-mir-1228-3p,m1434,0
hsa-mir-6814-3p,m1435,0
hsa-mir-6872-5p,m1436,0
hsa-mir-181d-3p,m1437,0
hsa-mir-3123,m1438,0
hsa-mir-3181,m1439,0
hsa-mir-3944-3p,m1440,0
hsa-mir-425-3p,m1441,0
hsa-mir-4655-5p,m1442,0
hsa-mir-4750-5p,m1443,0
hsa-mir-5188,m1444,0
hsa-mir-548b-3p,m1445,0
hsa-mir-580-3p,m1446,0
hsa-mir-6499-5p,m1447,0
hsa-mir-6749-5p,m1448,0
hsa-mir-7153-5p,m1449,0
hsa-mir-2277-3p,m1450,0
hsa-mir-3120-3p,m1451,0
hsa-mir-3141,m1452,0
hsa-mir-3616-3p,m1453,0
hsa-mir-4253,m1454,0
hsa-mir-4632-5p,m1455,0
hsa-mir-4761-3p,m1456,0
hsa-mir-4767,m1457,0
hsa-mir-4797-5p,m1458,0
hsa-mir-6847-5p,m1459,0
hsa-mir-6862-5p,m1460,0
hsa-mir-7843-5p,m1461,0
hsa-mir-7846-3p,m1462,0
hsa-mir-1207-3p,m1463,0
hsa-mir-1301-3p,m1464,0
hsa-mir-22-3p,m1465,0
hsa-mir-3692-5p,m1466,0
hsa-mir-370-3p,m1467,0
hsa-mir-4660,m1468,0
hsa-mir-4690-3p,m1469,0
hsa-mir-5047,m1470,0
hsa-mir-5580-5p,m1471,0
hsa-mir-6071,m1472,0
hsa-mir-6762-3p,m1473,0
hsa-mir-6893-3p,m1474,0
hsa-mir-93-3p,m1475,0
hsa-mir-1285-3p,m1476,0
hsa-mir-147b,m1477,0
hsa-mir-19a-3p,m1478,0
hsa-mir-3130-3p,m1479,0
hsa-mir-3187-5p,m1480,0
hsa-mir-3944-5p,m1481,0
hsa-mir-4265,m1482,0
hsa-mir-4296,m1483,0
hsa-mir-4322,m1484,0
hsa-mir-4456,m1485,0
hsa-mir-4472,m1486,0
hsa-mir-4769-5p,m1487,0
hsa-mir-541-3p,m1488,0
hsa-mir-6756-5p,m1489,0
hsa-mir-6766-5p,m1490,0
hsa-mir-6769a-5p,m1491,0
hsa-mir-6769b-5p,m1492,0
hsa-mir-6786-5p,m1493,0
hsa-mir-6860,m1494,0
hsa-mir-7978,m1495,0
hsa-mir-876-3p,m1496,0
hsa-mir-219a-2-3p,m1497,0
hsa-mir-219b-3p,m1498,0
hsa-mir-369-3p,m1499,0
hsa-mir-4452,m1500,0
hsa-mir-5692a,m1501,0
hsa-mir-5692c,m1502,0
hsa-mir-6507-5p,m1503,0
hsa-mir-2054,m1504,0
hsa-mir-4735-5p,m1505,0
hsa-mir-580-5p,m1506,0
hsa-mir-590-3p,m1507,0
hsa-mir-1307-3p,m1508,0
hsa-mir-196a-3p,m1509,0
hsa-mir-3150a-5p,m1510,0
hsa-mir-3150b-5p,m1511,0
hsa-mir-3661,m1512,0
hsa-mir-3690,m1513,0
hsa-mir-4445-3p,m1514,0
hsa-mir-4486,m1515,0
hsa-mir-4638-5p,m1516,0
hsa-mir-4665-3p,m1517,0
hsa-mir-490-3p,m1518,0
hsa-mir-548al,m1519,0
hsa-mir-619-3p,m1520,0
hsa-mir-6742-3p,m1521,0
hsa-mir-6765-3p,m1522,0
hsa-mir-6783-3p,m1523,0
hsa-mir-6790-3p,m1524,0
hsa-mir-7851-3p,m1525,0
hsa-mir-8073,m1526,0
hsa-mir-8088,m1527,0
hsa-mir-8089,m1528,0
hsa-mir-939-3p,m1529,0
hsa-mir-1238-3p,m1530,0
hsa-mir-3119,m1531,0
hsa-mir-4315,m1532,0
hsa-mir-6749-3p,m1533,0
hsa-mir-6815-3p,m1534,0
hsa-mir-4434,m1535,0
hsa-mir-5703,m1536,0
hsa-mir-6741-3p,m1537,0
hsa-mir-6770-5p,m1538,0
hsa-mir-3121-3p,m1539,0
hsa-mir-3133,m1540,0
hsa-mir-4744,m1541,0
hsa-mir-5583-3p,m1542,0
hsa-mir-655-3p,m1543,0
hsa-mir-889-3p,m1544,0
hsa-mir-1252-3p,m1545,0
hsa-mir-143-3p,m1546,0
hsa-mir-1468-3p,m1547,0
hsa-mir-224-3p,m1548,0
hsa-mir-4426,m1549,0
hsa-mir-4647,m1550,0
hsa-mir-4662b,m1551,0
hsa-mir-4698,m1552,0
hsa-mir-522-3p,m1553,0
hsa-mir-6744-5p,m1554,0
hsa-mir-8063,m1555,0
hsa-mir-4762-3p,m1556,0
hsa-mir-4795-3p,m1557,0
hsa-mir-556-3p,m1558,0
hsa-mir-6074,m1559,0
hsa-mir-6875-3p,m1560,0
hsa-mir-210-3p,m1561,0
hsa-mir-3194-3p,m1562,0
hsa-mir-3605-3p,m1563,0
hsa-mir-4677-3p,m1564,0
hsa-mir-5008-3p,m1565,0
hsa-mir-5691,m1566,0
hsa-mir-6737-3p,m1567,0
hsa-mir-6772-3p,m1568,0
hsa-mir-6805-3p,m1569,0
hsa-mir-6889-3p,m1570,0
hsa-mir-7114-5p,m1571,0
hsa-mir-7157-3p,m1572,0
hsa-mir-1199-3p,m1573,0
hsa-mir-1908-3p,m1574,0
hsa-mir-4523,m1575,0
hsa-mir-548s,m1576,0
hsa-mir-6850-3p,m1577,0
hsa-mir-4251,m1578,0
hsa-mir-4329,m1579,0
hsa-mir-4663,m1580,0
hsa-mir-4699-5p,m1581,0
hsa-mir-4728-3p,m1582,0
hsa-mir-512-3p,m1583,0
hsa-mir-6761-5p,m1584,0
hsa-mir-7160-5p,m1585,0
hsa-mir-8075,m1586,0
hsa-mir-8077,m1587,0
hsa-mir-3189-3p,m1588,0
hsa-mir-3200-3p,m1589,0
hsa-mir-423-3p,m1590,0
hsa-mir-4299,m1591,0
hsa-mir-659-3p,m1592,0
hsa-mir-6800-3p,m1593,0
hsa-mir-6813-3p,m1594,0
hsa-mir-6841-3p,m1595,0
hsa-mir-186-3p,m1596,0
hsa-mir-3180-5p,m1597,0
hsa-mir-4664-3p,m1598,0
hsa-mir-4671-5p,m1599,0
hsa-mir-6716-3p,m1600,0
hsa-mir-132-3p,m1601,0
hsa-mir-212-3p,m1602,0
hsa-mir-3927-5p,m1603,0
hsa-mir-4637,m1604,0
hsa-mir-5690,m1605,0
hsa-mir-625-3p,m1606,0
hsa-mir-6736-3p,m1607,0
hsa-mir-6831-3p,m1608,0
hsa-mir-3167,m1609,0
hsa-mir-3919,m1610,0
hsa-mir-4330,m1611,0
hsa-mir-4756-3p,m1612,0
hsa-mir-5186,m1613,0
hsa-mir-3617-5p,m1614,0
hsa-mir-3913-3p,m1615,0
hsa-mir-4524a-3p,m1616,0
hsa-mir-4524b-3p,m1617,0
hsa-mir-5580-3p,m1618,0
hsa-mir-4798-5p,m1619,0
hsa-mir-598-3p,m1620,0
hsa-mir-23a-3p,m1621,0
hsa-mir-23b-3p,m1622,0
hsa-mir-125a-3p,m1623,0
hsa-mir-338-3p,m1624,0
hsa-mir-4735-3p,m1625,0
hsa-mir-190b,m1626,0
hsa-mir-542-3p,m1627,0
hsa-mir-454-3p,m1628,0
hsa-mir-301b,m1629,0
hsa-mir-221-3p,m1630,0
hsa-mir-222-3p,m1631,0
hsa-mir-4782-3p,m1632,0
hsa-mir-376a-3p,m1633,0
hsa-mir-376b-3p,m1634,0
hsa-mir-3529-5p,m1635,0
hsa-mir-367-3p,m1636,0
hsa-mir-25-3p,m1637,0
hsa-mir-363-3p,m1638,0
hsa-mir-193b-3p,m1639,0
hsa-mir-193a-3p,m1640,0
hsa-mir-653-5p,m1641,0
hsa-mir-328-3p,m1642,0
hsa-mir-197-3p,m1643,0
hsa-mir-3118,m1644,0
hsa-mir-29c-3p,m1645,0
hsa-mir-187-3p,m1646,0
hsa-mir-124-3p,m1647,0
hsa-mir-29a-3p,m1648,0
hsa-mir-506-3p,m1649,0
hsa-mir-200b-3p,m1650,0
hsa-mir-200a-3p,m1651,0
hsa-mir-202-3p,m1652,0
hsa-mir-200c-3p,m1653,0
hsa-mir-141-3p,m1654,0
hsa-mir-203a,m1655,0
hsa-mir-142-3p,m1656,0
hsa-mir-3139,m1657,0
hsa-mir-378a-3p,m1658,0
hsa-mir-320a,m1659,0
hsa-mir-615-3p,m1660,0
hsa-mir-433-3p,m1661,0
hsa-mir-410-3p,m1662,0
hsa-mir-365a-3p,m1663,0
hsa-mir-373-3p,m1664,0
hsa-mir-302d-3p,m1665,0
hsa-mir-302a-3p,m1666,0
hsa-mir-302c-3p,m1667,0
hsa-mir-302b-3p,m1668,0
hsa-mir-126-3p,m1669,0
hsa-mir-223-3p,m1670,0
hsa-mir-208a-3p,m1671,0
hsa-mir-208b-3p,m1672,0
hsa-mir-10b-3p,m1673,0
hsa-mir-133a-3p,m1674,0
hsa-mir-137-3p,m1675,0
hsa-mir-139-3p,m1676,0
hsa-mir-15a-3p,m1677,0
hsa-mir-203a-3p,m1678,0
hsa-mir-219a-1-3p,m1679,0
hsa-mir-32-3p,m1680,0
hsa-mir-320a-3p,m1681,0
hsa-mir-374b-3p,m1682,0
hsa-mir-375-3p,m1683,0
hsa-mir-487b-3p,m1684,0
hsa-mir-508-3p,m1685,0
hsa-mir-520b-3p,m1686,0
hsa-mir-520e-3p,m1687,0
hsa-mir-520f-3p,m1688,0
hsa-mir-523-3p,m1689,0
hsa-mir-549a-3p,m1690,0
hsa-mir-553,m1691,0
hsa-mir-561-3p,m1692,0
hsa-mir-579-3p,m1693,0
hsa-mir-582-3p,m1694,0
hsa-mir-875-3p,m1695,0
hsa-mir-885-3p,m1696,0
hsa-mir-887-5p,m1697,0
hsa-mir-127-3p,m1698,0
hsa-mir-375,m1699,0
hsa-mir-34b-3p,m1700,0
hsa-mir-489-3p,m1701,0
hsa-mir-509-3p,m1702,0
hsa-mir-149-3p,m1703,0
hsa-mir-1226-3p,m1704,0
hsa-mir-409-3p,m1705,0
hsa-mir-616-3p,m1706,0
hsa-mir-412-3p,m1707,0
hsa-mir-151a-3p,m1708,0
rno-mir-200c-3p,m1709,0
hsa-mir-5787,m1710,0
mmu-mir-24-2-5p,m1711,0
hsa-mir-498,m1712,0
hsa-mir-337-3p,m1713,0
hsa-mir-513a-3p,m1714,0
hsa-mir-150-3p,m1715,0
hsa-mir-1236-3p,m1716,0
hsa-mir-34c-3p,m1717,0
hsa-mir-493-3p,m1718,0
hsa-mir-4722-5p,m1719,0
hsa-mir-525-3p,m1720,0
hsa-mir-1289,m1721,0
hsa-mir-1915-3p,m1722,0
ptr-mir-182,m1723,0
hsa-mir-548m,m1724,0
mmu-mir-1192,m1725,0
mmu-mir-155-5p,m1726,0
rno-mir-21-5p,m1727,0
hsa-mir-21-3p,m1728,0
rno-mir-19a-3p,m1729,0
rno-mir-19b-3p,m1730,0
hsa-mir-155-3p,m1731,0
rno-mir-9a-5p,m1732,0
rno-mir-25-3p,m1733,0
hsa-mir-593-3p,m1734,0
hsa-mir-323a-3p,m1735,0
hsa-mir-891b,m1736,0
mmu-mir-509-3p,m1737,0
mmu-mir-181a-5p,m1738,0
rno-mir-125a-5p,m1739,0
mmu-mir-218-5p,m1740,0
rno-mir-218a-5p,m1741,0
cfa-mir-218,m1742,0
mmu-mir-130a-5p,m1743,0
mmu-mir-429-3p,m1744,0
hsa-mir-1180-3p,m1745,0
mmu-let-7a-5p,m1746,0
hsa-mir-361-3p,m1747,0
mmu-mir-133a-3p,m1748,0
hsa-mir-4269,m1749,0
rno-mir-22-3p,m1750,0
rno-mir-98-3p,m1751,0
hsa-mir-99b-3p,m1752,0
hsa-mir-15b-3p,m1753,0
hsa-mir-146a-3p,m1754,0
hsa-mir-26b-3p,m1755,0
hsa-mir-574-3p,m1756,0
hsa-mir-31-3p,m1757,0
hcmv-mir-us25-1-5p,m1758,0
mmu-mir-19a-5p,m1759,0
hsa-let-7g-3p,m1760,0
hsa-mir-136-3p,m1761,0
hsa-mir-3064-5p,m1762,0
mmu-mir-141-3p,m1763,0
hsa-mir-4653-3p,m1764,0
mmu-mir-200c-3p,m1765,0
hsa-mir-652-3p,m1766,0
hsa-mir-550a-3p,m1767,0
hsa-mir-181b-3p,m1768,0
hsa-mir-3162-3p,m1769,0
mmu-mir-27a-3p,m1770,0
hsa-mir-1-5p,m1771,0
hsa-mir-552-3p,m1772,0
hsa-mir-145-3p,m1773,0
hsa-mir-106b-3p,m1774,0
hsa-let-7c-3p,m1775,0
hsa-mir-340-3p,m1776,0
hsa-mir-664a-3p,m1777,0
hsa-mir-135a-3p,m1778,0
mmu-mir-33-3p,m1779,0
hsa-mir-504-3p,m1780,0
hsa-mir-4649-3p,m1781,0
mmu-mir-22-3p,m1782,0
hsa-mir-122-3p,m1783,0
hsa-mir-503-3p,m1784,0
hsa-mir-135b-3p,m1785,0
hsa-mir-3978,m1786,0
hsa-mir-96-3p,m1787,0
hsa-mir-20b-3p,m1788,0
hsa-mir-10a-3p,m1789,0
mmu-mir-31-5p,m1790,0
mmu-mir-16-5p,m1791,0
hsa-mir-584-3p,m1792,0
hsa-mir-455-3p,m1793,0
hsa-mir-339-3p,m1794,0
mmu-mir-142a-5p,m1795,0
hsa-mir-628-3p,m1796,0
hsa-mir-1178-3p,m1797,0
mmu-mir-34a-5p,m1798,0
hsa-mir-744-3p,m1799,0
mmu-mir-23a-3p,m1800,0
mmu-mir-20a-5p,m1801,0
hsa-mir-4689,m1802,0
hsa-mir-1249-3p,m1803,0
mmu-mir-200a-3p,m1804,0
hsa-mir-499a-3p,m1805,0
hsa-mir-185-3p,m1806,0
hsa-mir-194-3p,m1807,0
rno-mir-145-5p,m1808,0
mmu-mir-101a-3p,m1809,0
hsa-mir-204-3p,m1810,0
hsa-let-7d-3p,m1811,0
hsa-mir-671-3p,m1812,0
hsa-mir-3620,m1813,0
hsa-let-7e-3p,m1814,0
hsa-mir-1910,m1815,0
hsa-mir-98,m1816,0
hsa-mir-598,m1817,0
hsa-mir-3137,m1818,0
hsa-let-7c,m1819,0
hsa-let-7g,m1820,0
hsa-mir-155,m1821,0
hsa-mir-106b,m1822,0
hsa-mir-132,m1823,0
hsa-mir-212,m1824,0
hsa-mir-25,m1825,0
hsa-mir-93,m1826,0
hsa-let-7e,m1827,0
hsa-mir-181c,m1828,0
hsa-mir-22,m1829,0
hsa-mir-200a,m1830,0
hsa-mir-200b,m1831,0
hsa-mir-200c,m1832,0
hsa-mir-223,m1833,0
hsa-mir-101-2,m1834,0
hsa-mir-199a-2,m1835,0
hsa-mir-21,m1836,0
hsa-mir-24-1,m1837,0
hsa-mir-27b,m1838,0
hsa-mir-29a,m1839,0
hsa-mir-29b-1,m1840,0
hsa-mir-30a,m1841,0
hsa-mir-34c,m1842,0
hsa-mir-125b-2,m1843,0
hsa-mir-1-2,m1844,0
hsa-mir-145,m1845,0
hsa-mir-17,m1846,0
hsa-mir-182,m1847,0
hsa-mir-18a,m1848,0
hsa-mir-190a,m1849,0
hsa-mir-19a,m1850,0
hsa-mir-19b-1,m1851,0
hsa-mir-20a,m1852,0
hsa-mir-216a,m1853,0
hsa-mir-27a,m1854,0
hsa-mir-32,m1855,0
hsa-mir-539,m1856,0
hsa-mir-92a-1,m1857,0
hsa-mir-99a,m1858,0
hsa-mir-141,m1859,0
hsa-mir-590,m1860,0
hsa-mir-126,m1861,0
hsa-mir-221,m1862,0
hsa-mir-222,m1863,0
hsa-mir-29c,m1864,0
hsa-mir-361,m1865,0
hsa-let-7i,m1866,0
hsa-mir-31,m1867,0
hsa-mir-205,m1868,0
hsa-mir-146a,m1869,0
hsa-mir-146b,m1870,0
hsa-mir-152,m1871,0
hsa-mir-593,m1872,0
hsa-mir-99b,m1873,0
hsa-mir-9-1,m1874,0
hsa-mir-9-2,m1875,0
hsa-mir-183,m1876,0
hsa-mir-96,m1877,0
hsa-mir-410,m1878,0
hsa-mir-215,m1879,0
hsa-mir-615,m1880,0
hsa-let-7a-1,m1881,0
hsa-let-7a-2,m1882,0
hsa-mir-100,m1883,0
hsa-mir-122,m1884,0
hsa-mir-125b-1,m1885,0
hsa-mir-134,m1886,0
hsa-mir-30c-1,m1887,0
hsa-mir-30c-2,m1888,0
hsa-mir-34a,m1889,0
hsa-mir-143,m1890,0
hsa-mir-424,m1891,0
hsa-mir-503,m1892,0
hsa-mir-542,m1893,0
hsa-mir-193b,m1894,0
hsa-mir-148a,m1895,0
hsa-mir-15b,m1896,0
hsa-mir-23a,m1897,0
hsa-mir-302a,m1898,0
hsa-mir-335,m1899,0
hsa-mir-373,m1900,0
hsa-mir-124-1,m1901,0
hsa-mir-124-2,m1902,0
hsa-mir-124-3,m1903,0
hsa-mir-150,m1904,0
hsa-mir-30e,m1905,0
hsa-mir-372,m1906,0
hsa-mir-770,m1907,0
hsa-mir-214,m1908,0
hsa-mir-708,m1909,0
hsa-mir-9-3,m1910,0
hsa-mir-142,m1911,0
hsa-mir-23b,m1912,0
hsa-mir-296,m1913,0
hsa-let-7b,m1914,0
hsa-mir-495,m1915,0
hsa-mir-106a,m1916,0
hsa-mir-15a,m1917,0
hsa-mir-16-1,m1918,0
hsa-mir-16-2,m1919,0
hsa-mir-18b,m1920,0
hsa-mir-195,m1921,0
hsa-mir-19b-2,m1922,0
hsa-mir-202,m1923,0
hsa-mir-20b,m1924,0
hsa-mir-224,m1925,0
hsa-mir-363,m1926,0
hsa-mir-449b,m1927,0
hsa-mir-449c,m1928,0
hsa-mir-452,m1929,0
hsa-mir-519d,m1930,0
hsa-mir-92a-2,m1931,0
hsa-mir-193a,m1932,0
hsa-mir-1-1,m1933,0
hsa-mir-10a,m1934,0
hsa-mir-125a,m1935,0
hsa-mir-130b,m1936,0
hsa-mir-149,m1937,0
hsa-mir-181d,m1938,0
hsa-mir-185,m1939,0
hsa-mir-191,m1940,0
hsa-mir-219a-2,m1941,0
hsa-mir-24-2,m1942,0
hsa-mir-425,m1943,0
hsa-mir-455,m1944,0
hsa-mir-642a,m1945,0
hsa-mir-675,m1946,0
hsa-mir-92b,m1947,0
hsa-let-7d,m1948,0
hsa-mir-144,m1949,0
hsa-mir-210,m1950,0
hsa-mir-181a-1,m1951,0
hsa-mir-181a-2,m1952,0
hsa-mir-181b-1,m1953,0
hsa-mir-181b-2,m1954,0
hsa-mir-29b-2,m1955,0
hsa-mir-30b,m1956,0
hsa-mir-30d,m1957,0
hsa-mir-140,m1958,0
hsa-mir-497,m1959,0
hsa-mir-192,m1960,0
hsa-mir-196b,m1961,0
hsa-mir-101-1,m1962,0
hsa-mir-129-2,m1963,0
hsa-mir-139,m1964,0
hsa-mir-218-1,m1965,0
hsa-mir-26a-1,m1966,0
hsa-mir-26a-2,m1967,0
hsa-mir-33a,m1968,0
hsa-mir-33b,m1969,0
hsa-mir-135b,m1970,0
hsa-mir-491,m1971,0
hsa-mir-34b,m1972,0
hsa-mir-138-2,m1973,0
hsa-mir-431,m1974,0
hsa-mir-889,m1975,0
hsa-mir-138-1,m1976,0
hsa-mir-130a,m1977,0
hsa-mir-342,m1978,0
hsa-mir-127,m1979,0
hsa-mir-1271,m1980,0
hsa-mir-128-1,m1981,0
hsa-mir-199a-1,m1982,0
hsa-mir-204,m1983,0
hsa-mir-218-2,m1984,0
hsa-mir-301a,m1985,0
hsa-mir-3120,m1986,0
hsa-mir-376c,m1987,0
hsa-mir-382,m1988,0
hsa-mir-454,m1989,0
hsa-mir-196a-2,m1990,0
hsa-mir-331,m1991,0
hsa-mir-194-2,m1992,0
hsa-mir-1193,m1993,0
hsa-mir-1197,m1994,0
hsa-mir-154,m1995,0
hsa-mir-299,m1996,0
hsa-mir-329-1,m1997,0
hsa-mir-329-2,m1998,0
hsa-mir-369,m1999,0
hsa-mir-376a-1,m2000,0
hsa-mir-376b,m2001,0
hsa-mir-377,m2002,0
hsa-mir-379,m2003,0
hsa-mir-380,m2004,0
hsa-mir-381,m2005,0
hsa-mir-409,m2006,0
hsa-mir-411,m2007,0
hsa-mir-412,m2008,0
hsa-mir-485,m2009,0
hsa-mir-487a,m2010,0
hsa-mir-487b,m2011,0
hsa-mir-494,m2012,0
hsa-mir-654,m2013,0
hsa-mir-655,m2014,0
hsa-mir-656,m2015,0
hsa-mir-668,m2016,0
hsa-mir-7-2,m2017,0
hsa-mir-758,m2018,0
hsa-mir-432,m2019,0
hsa-mir-370,m2020,0
hsa-mir-519c,m2021,0
hsa-mir-7-1,m2022,0
hsa-mir-576,m2023,0
hsa-mir-302b,m2024,0
hsa-mir-302c,m2025,0
hsa-mir-302d,m2026,0
hsa-mir-367,m2027,0
hsa-mir-135a-2,m2028,0
hsa-mir-506,m2029,0
hsa-mir-433,m2030,0
hsa-let-7f-1,m2031,0
hsa-mir-148b,m2032,0
hsa-mir-211,m2033,0
hsa-mir-196a-1,m2034,0
hsa-mir-26b,m2035,0
hsa-mir-28,m2036,0
hsa-mir-371a,m2037,0
hsa-mir-371b,m2038,0
hsa-mir-1307,m2039,0
hsa-mir-330,m2040,0
hsa-mir-345,m2041,0
hsa-mir-887,m2042,0
hsa-mir-133a-1,m2043,0
hsa-mir-133a-2,m2044,0
hsa-mir-374b,m2045,0
hsa-mir-199b,m2046,0
hsa-mir-423,m2047,0
hsa-mir-1207,m2048,0
hsa-mir-365a,m2049,0
hsa-mir-550a-1,m2050,0
hsa-let-7a-3,m2051,0
hsa-mir-10b,m2052,0
hsa-mir-136,m2053,0
hsa-mir-1908,m2054,0
hsa-mir-219a-1,m2055,0
hsa-mir-2467,m2056,0
hsa-mir-3200,m2057,0
hsa-mir-340,m2058,0
hsa-mir-4485,m2059,0
hsa-mir-502,m2060,0
hsa-mir-186,m2061,0
hsa-mir-338,m2062,0
hsa-mir-95,m2063,0
hsa-mir-188,m2064,0
hsa-mir-3074,m2065,0
hsa-mir-3151,m2066,0
hsa-mir-378a,m2067,0
hsa-mir-7-3,m2068,0
hsa-mir-6780a,m2069,0
hsa-mir-766,m2070,0
hsa-mir-450b,m2071,0
hsa-mir-574,m2072,0
hsa-mir-128-2,m2073,0
hsa-mir-493,m2074,0
hsa-mir-1251,m2075,0
hsa-mir-324,m2076,0
hsa-mir-942,m2077,0
hsa-mir-197,m2078,0
hsa-mir-383,m2079,0
hsa-mir-520d,m2080,0
hsa-mir-629,m2081,0
hsa-mir-187,m2082,0
hsa-mir-1277,m2083,0
hsa-mir-151a,m2084,0
hsa-mir-504,m2085,0
hsa-mir-605,m2086,0
hsa-mir-374a,m2087,0
hsa-mir-483,m2088,0
hsa-mir-2682,m2089,0
